{
  "packages": [
    {
      "name": "MAKERbuino",
      "maintainer": "MAKERbuino Team",
      "websiteURL": "https://www.makerbuino.com/",
      "email": "contact@makerbuino.com",
      "help": {
        "online": "http://www.makerbuino.com/"
      },
      "platforms": [
        {
          "name": "MAKERbuino",
          "architecture": "AVR",
          "version": "1.0.0",
          "category": "Contributed",
          "help": {
            "online": "http://www.makerbuino.com/"
          },
          "url": "https://github.com/AlbertGajsak/MAKERbuino/blob/master/MAKERbuino.zip",
          "archiveFileName": "MAKERbuino.zip",
          "checksum": "SHA-256:1d5b30e52e4f18f14c9ac1d7fb5d1b246025e0a385f2d7803bba6454a068fc54",
          "size": "295911",
          "boards": [
            {"name": "MAKERbuino"}
          ],
          "toolsDependencies": [
            {
              "packager": "arduino",
              "name": "avr-gcc",
              "version": "4.8.1-arduino5"
            },
            {
              "packager": "arduino",
              "name": "avrdude",
              "version": "6.0.1-arduino5"
            }
          ]
        }
      ],
      "tools":[]
    }
  ]
}
